{
    "4branch_auc": 0.9272658035034274,
    "3branch_auc": 0.9157781162731656,
    "delta": -0.011487687230261723
}