{
    "ece": 0.06054050138526817,
    "brier_score": 0.08916312177325213
}