{
  "before_platt": {
    "ece": 0.06054050138526817,
    "brier": 0.08916312172087111
  },
  "after_platt": {
    "ece": 0.03326183656159092,
    "brier": 0.08437451444120533
  },
  "improvement": {
    "ece_delta": 0.027278664823677246,
    "brier_delta": 0.004788607279665777
  },
  "platt_params": {
    "coef": 1.1231079093286132,
    "intercept": -0.7788682351038972
  }
}