{
  "fold_aucs": [
    0.9396611742863774,
    0.9257011264437581,
    0.9183640680507703,
    0.9317872004591764,
    0.9406804042147661
  ],
  "fold_aps": [
    0.8440755025703517,
    0.8447182980564913,
    0.8042761294350229,
    0.8292173829636003,
    0.8717415389515372
  ],
  "mean_auc": 0.9312387946909697,
  "std_auc": 0.008447550804956664,
  "mean_ap": 0.8388057703954006,
  "std_ap": 0.022053236448726393,
  "overall_auc": 0.9212612233445567,
  "single_holdout_auc": 0.9273
}