{
  "our_model": {
    "auc": 0.9274360543822996,
    "ci_95_lo": 0.893744315381374,
    "ci_95_hi": 0.9554817128173241
  },
  "delong_tests": {
    "PSPHunter": {
      "our_auc": 0.9272658035034272,
      "tool_auc": 0.7566641279512567,
      "delta": 0.17060167555217054,
      "z": 6.943669645617033,
      "p": 3.820499472340089e-12,
      "sig": "***"
    },
    "CatGRANULE": {
      "our_auc": 0.9272658035034272,
      "tool_auc": 0.7053503427265804,
      "delta": 0.22191546077684687,
      "z": 7.116032399231672,
      "p": 1.1108891584399316e-12,
      "sig": "***"
    },
    "PLAAC": {
      "our_auc": 0.9272658035034272,
      "tool_auc": 0.6901339172378776,
      "delta": 0.2371318862655496,
      "z": 8.44972198223359,
      "p": 0.0,
      "sig": "***"
    },
    "PScore": {
      "our_auc": 0.9272658035034272,
      "tool_auc": 0.39177138867732925,
      "delta": 0.535494414826098,
      "z": 16.206316325127457,
      "p": 0.0,
      "sig": "***"
    }
  }
}